research_question,experiment,command,required_input,output,biological_unit
What was acquired?,Dataset assembly and segmentation,make dataset-plan dataset-prepare dataset-segment,Original and 2026 capture archives plus segmentation checkpoint,metadata/images.csv and per-image segmentation receipts,Worm and photograph
How well do architectures classify?,Architecture baselines,make training-plan training-submit,Frozen original metadata and whole-worm partitions,runs/baseline with configs weights and decisions,Worm-disjoint splits
What visual information is needed?,Blur resolution silhouette greyscale colour patches and combined interventions,make training-plan training-submit,Original archive plus visual configs,runs/visual_ablation and runs/visual_interactions,Worm-disjoint splits
What transfers across biology?,Historical biological exclusions,make training-plan training-submit,Original archive and exclusion configs,runs/adult_taxon_baseline and runs/adult_taxon_holdouts,Worm-disjoint splits
Does stage coverage matter beyond sample size?,Matched within-species random removals,make controls-plan controls-slurm-plan controls-submit,Original partitions and baseline configuration,controls/training and returned prediction receipts,Whole-worm training removals
How do cameras affect performance?,RGB external inference,make plan inference features,90 trusted baseline checkpoints and processed dataset,predictions/ and rgb/seed_*/features/,Individual means across photographs
How uncertain is external F1?,Fixed-vocabulary rescoring and worm bootstrap,make analysis STAGE=baseline,Saved per-image probability CSVs,tables/baseline_summary.csv and domain_differences.csv,Whole-worm resampling
How does segmentation affect the pipeline?,Failure coverage and abstention rescoring,make analysis STAGE=segmentation,Raw manifest and saved individual decisions,tables/end_to_end_summary.csv and segmentation_by_taxon_stage.csv,Whole-worm scoring
Which tasks retain visual information?,Task-specific visual rescoring,make analysis STAGE=visual,Visual configs class maps and hard predictions,tables/visual_task_per_seed.csv and visual_task_summary.csv,Individual majority vote
Can USB-to-Canon calibration help?,Fixed-rank CORAL paired ridge and simpler baselines,make analysis STAGE=calibration,Frozen five-fold trials and saved features/heads,tables/calibration_summary.csv and global_calibration_sampling_summary.csv,Independent calibration and test worms
How much calibration is needed?,Fixed-rank eight sample-size analysis,make analysis STAGE=calibration,Nested balanced calibration subsets,tables/calibration_per_seed_repeat.csv and calibration_trials.json,Worm calibration sets
Does rank change sample-size interpretation?,Adaptive rank sensitivity,make adaptive,Saved features and identical calibration trials,tables/rank_comparison_summary.csv after make supplement,Worm calibration sets
Is missing stage coverage a specific penalty?,Paired matched-removal bootstrap,make controls-compile supplement,Complete returned control CSVs and original test metadata,tables/matched_stage_bootstrap_summary.csv,Shared worm resamples across conditions and seeds
Do views change inference?,Probability logits and majority aggregation with view cycling,make supplement,Saved per-image probabilities/logits,tables/inference_views_summary.csv,Same worms at every view count
Does calibration transfer across taxa?,Mixed-taxon donor evaluation,make supplement,Frozen held-out correction decisions,tables/calibration_donor_per_class_summary.csv,Independent held-out worms
How do camera representations differ?,Descriptive PCA and UMAP,make supplement,Saved features from original-validation-selected seed,tables/embedding_projection.csv,Worm means and paired camera identities
How can results be inspected?,CSV-derived diagnostic plots,make figures,Analysis and supplementary CSVs,figures/ with PDF PNG and figure settings,Explicit uncertainty units
